Metadata,,,,,,,,,,Isolation,,,,,,,,Sequencing,,,,,,Assembly,,,,,,,,Physical Properties,,,,,,,,,,,Annotation Progress,,,,,,,,,,Published Database Links,
ID,Phage,Alt. Names,CPT Phage #,"Sequence Revision (.1, .2, ...)",Host,Host Range,Owner,Barcode,,CPT PERSON ID,Isolator,Lysate ID,Isolate Collection Location,Isolate Collection Date,Isolate Collection Type,Isolation Method,,Approximate Size,Sequencing Date,Sequencing Methods,Needs Resequencing?,DNA location,,MID / Pool,Contig Name,Coverage,Sequence UID,Contig Length,Contig assignment to phage,Complete,,Head Size (nm),Morphology,Morphology Qualifier,End Info,Closed,Person who did Closure,Date of Closure Rxn,Ends Determined,Person who did End Det.,Date of End Det.,,Available for Annotation,CPT PERSON ID,Annotator,"Annotation Year
(if applicable)",NOTE,Status,Paper Status,DOI,DOI Link,,Genbank,Refseq
P203,Pierogi,4BC,203,1,Acidovorax,,CPT,,,,,,,,,,,50,2014,,,,,Pool 3,NODE_5_length_38113_cov_17.6718_ID_9,,d55712f2e6e29695b6ca0dbc876fc300,38113,,TRUE,,,,,,FALSE,,,FALSE,,,,FALSE,69,Chanda Bhatt,2015,,"T7-like, needs repeat",,,,,,
P43,Morello,Chuck; AbauAYE_; AbauAYE,43,1,Acinetobacter baumannii,,CPT,,,72,T Wood,,,,,,,,2011/01,,TRUE,,,MID4,contig00004,"112,7066505",9ea56149de00b6dfbc452445d2564a45,95572,,FALSE,,,,,,,,,,,,,,48,Kirtan Brahmbatt,2013,Only phage from the A. baumannii sequenced strain we have ,"Unknown, contact submitter. located in joel's foles, 454 data and assemblies, Jan 2011, 454 Jan contigs A. baumanii phages",,,,,,
P44,Petty,AbauRCB; Ya1; Angus,44,1,Acinetobacter baumannii,,CPT,,,72,T Wood,,,,,,,,2011/01,,FALSE,,,MID3,contig00010,,be70f4028176e43b344a6901a3db68a7,40431,,,,,,,,,,,,,,,FALSE,49,Ian Mumm,,"virulent phage of A. baumannii; 2012 seq, 2013 class",,,10.1128/genomeA.00850-13,Paper,,KF669656,NC_023570.1
P45,Presley,M2,45,1,Acinetobacter baumannii,,CPT,,,72,T Wood,,,,,,,,2011/01,,FALSE,,,contig 3-10(JDB),,"293,1187728",,77181,,,,,,,,,,,,,,,FALSE,50,Nicholas Farmer,2013,"Only phage from the clinical strain from Phil (Emory); Unknown, contact submitter, Joels fines, 454 data and ass, Sept-Oct 2010 run, MIDs0ne and 2 PCR assigned contigs",,,10.1128/genomeA.00852-13,Paper,,KF669658,NC_023581.1
P242,Mar_AB12,,242,1,Acinetobacter baumannii AB12,,,,,29,Adriana Hernandez-Morales,,,,,,,100,2016/01,"MiSeq V2 300 cycle reagent kit (2 x 150 bp reads), with sample loaded at 10 pM. Libraries were prepared with 550 bp inserts using a TruSeq Nano kit with Set A indexed adapters.",,,,1,,,,,,,,,myo,,,,,,,,,,,,,,,,,,,,,
P243,Mar_AB12-genomify,,243,1,Acinetobacter baumannii AB12,,,,,29,Adriana Hernandez-Morales,,,,,,,,2016/01,"MiSeq V2 300 cycle reagent kit (2 x 150 bp reads), with sample loaded at 10 pM. Libraries were prepared with 550 bp inserts using a TruSeq Nano kit with Set A indexed adapters.",,,,8,,,,,,,,,myo,,,,,,,,,,,,,,,,,,,,,
P279,C1P12,,279,1,Acinetobacter baumannii PRAB-SD1,,CPT,,,29,Adriana Hernandez-Morales,,,,pool,Enrichment,,100,2016/05,"MiSeq V2 500 cycle reagent kit (2 x 250 bp reads), with sample loaded at 6 pM. Libraries were prepared with 850 bp inserts using a TruSeq Nano kit with Set A indexed adapters.",,,,,,,,,,,,,,,,,,,,,,,,,,,,,,,,,,
P280,C2P21,,280,1,Acinetobacter baumannii PRAB-SD1,,CPT,,,29,Adriana Hernandez-Morales,,,,pool,Enrichment,,100,2016/05,"MiSeq V2 500 cycle reagent kit (2 x 250 bp reads), with sample loaded at 6 pM. Libraries were prepared with 850 bp inserts using a TruSeq Nano kit with Set A indexed adapters.",,,,,,,,,,,,,,,,,,,,,,,,,,,,,,,,,,
P281,C2P24,,281,1,Acinetobacter baumannii PRAB-SD1,,CPT,,,29,Adriana Hernandez-Morales,,,,pool,Enrichment,,100,2016/05,"MiSeq V2 500 cycle reagent kit (2 x 250 bp reads), with sample loaded at 6 pM. Libraries were prepared with 850 bp inserts using a TruSeq Nano kit with Set A indexed adapters.",,,,,,,,,,,,,,,,,,,,,,,,,,,,,,,,,,
P282,AC4,,282,1,Acinetobacter baumannii PRAB-SD1,,AmpliPhi,,,30,Carlos F Gonzalez,,,,,,,100,2016/05,"MiSeq V2 500 cycle reagent kit (2 x 250 bp reads), with sample loaded at 6 pM. Libraries were prepared with 850 bp inserts using a TruSeq Nano kit with Set A indexed adapters.",,,,,,,,,,,,,,,,,,,,,,,,,,,,,,,,,,
P244,Matrix,,244,1,Alcaligenes faecalis,,,,,29,Adriana Hernandez-Morales,,,,,,,95,2016/01,"MiSeq V2 300 cycle reagent kit (2 x 150 bp reads), with sample loaded at 10 pM. Libraries were prepared with 550 bp inserts using a TruSeq Nano kit with Set A indexed adapters.",,,,5,,,,,,,,,myo,,,,,,,,,,,,,,,,,,,,,
P245,Mico,,245,1,Alcaligenes faecalis,,,,,29,Adriana Hernandez-Morales,,,,,,,95,2016/01,"MiSeq V2 300 cycle reagent kit (2 x 150 bp reads), with sample loaded at 10 pM. Libraries were prepared with 550 bp inserts using a TruSeq Nano kit with Set A indexed adapters.",,,,6,,,,,,,,,myo,,,,,,,,,,,,,,,,,,,,,
P246,Picasso,,246,1,Alcaligenes faecalis,,,,,29,Adriana Hernandez-Morales,,,,,,,50,2016/01,"MiSeq V2 300 cycle reagent kit (2 x 150 bp reads), with sample loaded at 10 pM. Libraries were prepared with 550 bp inserts using a TruSeq Nano kit with Set A indexed adapters.",,,,3,,,,,,,,,podo,,,,,,,,,,,,,,,,,,,,,
P273,Lauren,,273,1,Asticcacaulis excentricus,,,,,,,,,,,,,,,,TRUE,,,,,37,,,,FALSE,,,sipho,isometric,,TRUE,,,FALSE,,,,FALSE,100,Ryland Young,2012,,,,,,,,
P274,Exs2,,274,1,Asticcacaulis excentricus,,,,,38,Rebecca Martin,,,,,,,,,,,,,,,,,,,FALSE,,,,,,,,,,,,,,,,,,,,,,,,
P247,Prudence_E8,,247,1,AU0783 mutant E8 ,,,,,29,Adriana Hernandez-Morales,,,,,,,40,2016/01,"MiSeq V2 300 cycle reagent kit (2 x 150 bp reads), with sample loaded at 10 pM. Libraries were prepared with 550 bp inserts using a TruSeq Nano kit with Set A indexed adapters.",,,,2,,,,,,,,,podo,,,,,,,,,,,,,,,,,,,,,
P249,BCDPDC,,249,1,Bacillus cereus,,,,,45,Jacob Lancaster,,,,,,,165,2016/01,"MiSeq V2 300 cycle reagent kit (2 x 150 bp reads), with sample loaded at 10 pM. Libraries were prepared with 550 bp inserts using a TruSeq Nano kit with Set A indexed adapters.",,,,6,,,,,,,,,sipho,,,,,,,,,,,,,,,,,,,,,
P250,BCDPDCS,,250,1,Bacillus cereus,,,,,45,Jacob Lancaster,,,,,,,145,2016/01,"MiSeq V2 300 cycle reagent kit (2 x 150 bp reads), with sample loaded at 10 pM. Libraries were prepared with 550 bp inserts using a TruSeq Nano kit with Set A indexed adapters.",,,,8,,,,,,,,,sipho,,,,,,,,,,,,,,,,,,,,,
P251,BCI,,251,1,Bacillus cereus,,,,,45,Jacob Lancaster,,,,,,,150,2016/01,"MiSeq V2 300 cycle reagent kit (2 x 150 bp reads), with sample loaded at 10 pM. Libraries were prepared with 550 bp inserts using a TruSeq Nano kit with Set A indexed adapters.",,,,4,,,,,,,,,,,,,,,,,,,,,,,,,,,,,,
P252,BCNC,,252,1,Bacillus cereus,,,,,45,Jacob Lancaster,,,,,,,170,2016/01,"MiSeq V2 300 cycle reagent kit (2 x 150 bp reads), with sample loaded at 10 pM. Libraries were prepared with 550 bp inserts using a TruSeq Nano kit with Set A indexed adapters.",,,,5,,,,,,,,,sipho,,,,,,,,,,,,,,,,,,,,,
P253,BCNF,,253,1,Bacillus cereus,,,,,45,Jacob Lancaster,,,,,,,170,2016/01,"MiSeq V2 300 cycle reagent kit (2 x 150 bp reads), with sample loaded at 10 pM. Libraries were prepared with 550 bp inserts using a TruSeq Nano kit with Set A indexed adapters.",,,,7,,,,,,,,,sipho,,,,,,,,,,,,,,,,,,,,,
P127,Page,,127,1,Bacillus megaterium,,CPT,,,,,,,,,,,,2012,,FALSE,,,MID2,contig00006,"326,83",09c0f786213658bf95dc3232ae5579b2,39874,,,,,,,,,,,,,,,FALSE,57,Mary Hodde,2013,,,,10.1128/genomeA.00332-14,Paper,,KF669655,NC_022764.1
P128,Plant,7,128,1,Bacillus megaterium,,CPT,,,,,,,,,,,,2012,,FALSE,,,"contig 3-5
MID2",contig00007,"127,12",78a3266c31e0b431623f9cde87a6c64a,39874,,,,,,,,,,,,,,,FALSE,58,Mariana Lopez,2013,,,,10.1128/genomeA.00859-13,Paper,,,
P129,Pony,Waters,129,1,Bacillus megaterium,,CPT,,,,,,,,,,,,2012,,FALSE,,,MID3,"contig3-5
contig00005","72,92",4ed7bcc4dbaa1608d2213d46270d109b,39844,,,,,,,,,,,,,,,FALSE,59,Brontee Khatemi,2013,,,,10.1128/genomeA.00860-13,Paper,,KF669660,NC_022770.1
P133,Sagan,,133,1,Bacillus megaterium,,CPT,,,,,,,,,,,,2012,,TRUE,,,,,,,,,FALSE,,,,,,,,,,,,,,,,,,,,,,,,
P134,Slash,Gilmour,134,1,Bacillus megaterium,,CPT,,,,,,,,,,,,2012,,FALSE,,,contig 1-03 (JDB),,"111,05",,79815,,,,,,,,,,,,,,,FALSE,62,D Decrescenzo,2013,,,,10.1128/genomeA.00862-13,Paper,,KF669661,NC_022774.1
P136,Staley,Jones,136,1,Bacillus megaterium,,CPT,,,,,,,,,,,,2012,,FALSE,,,contig 6-4,,"17,05",,81089,,,,,,,,,,,,,,,FALSE,64,Whitney Hastings,2013,,,,10.1128/genomeA.00864-13,Paper,,KF669663,NC_022767.1
P147,Mater,Mendel; Viper,147,1,Bacillus megaterium,,CPT,,,57,Mary Hodde,,,,,,,,2013,,FALSE,,,MID8,NODE_4_length_154871_cov_53.255676,"53,2",585a63385bf03460af8919f5038c4511,155075,,,,,,,,,,,,,,,FALSE,45,Jacob Lancaster,2014,,,,10.1128/genomeA.01424-14,Paper,,KM236245,
P149,AS1,,149,1,Bacillus megaterium,,CPT,,,,,,,,,,,,2013,,TRUE,,,,,34,,172838,,FALSE,,,,,,,,,,,,,,65,Anthony Sperber,2014,,,,,,,,
P159,Moonbeam,,159,1,Bacillus megaterium,,CPT,,,,,,,,,,,,2013,,FALSE,,,,,"32,2",,159259,,,,,,,,,,,,,,,FALSE,59,Brontee Khatemi,2014,,,,10.1128/genomeA.01428-14,Paper,,KM236246              ,
P166,Palmer,Persephony,166,1,Bacillus megaterium,,CPT,,,,,,,,,,,,2013,,FALSE,,,MID5,NODE_11_length_35128_cov_117.791649,"117,8",4093ac39f4f3695224065136d908b12c,35128,,,,,,,,,,,,,,,FALSE,58,Mariana Lopez,2014,,,,10.1128/genomeA.00358-15,Paper,,KP411017,
P167,Pascal,Pasteur; Wolf; Venus,167,1,Bacillus megaterium,,CPT,,,,,,,,,,,,2013,,FALSE,,,MID2,NODE_10_length_39440_cov_95.341606,"100,9",c323969123fa62732221d04486ceed2d,39440,,,,,,,,,,,,,,,FALSE,57,Mary Hodde,2014,,,,10.1128/genomeA.01429-14,Paper,,KM236247               ,
P168,Pauli,Pookie,168,1,Bacillus megaterium,,CPT,,,,,,,,,,,,2013,,FALSE,,,MID2,NODE_3_length_40214_cov_67.319092,,262d26149043bab175503fbe18d07649,40214,,,,,,,,,,,,,,,FALSE,,,,,,,10.1128/genomeA.01432-14,Paper,,KM236248               ,
P175,Salk,,175,1,Bacillus megaterium,,CPT,,,,,,,,,,,,2013,,FALSE,,,,,"14,66",,143213,,TRUE,,,,,,TRUE,,,FALSE,,,,FALSE,67,Fransisco Barrios,2014,,,,,,,,
P177,Stahl,Habs,177,1,Bacillus megaterium,,CPT,,,,,,,,,,,,2013,,FALSE,,,,,"67,9",,79590,,,,,,,,,,,,,,,FALSE,40,Simon Rousseau,2014,,,,10.1128/genomeA.00857-15,Paper,,KP696447,
P179,Stills,King Kong,179,1,Bacillus megaterium,,CPT,,,,,,,,,,,,2013,,FALSE,,,,,"38,1",,80348,,,,,,,,,,,,,,,FALSE,41,Rohit Kongari,2014,,,,10.1128/genomeA.00855-15,Paper,,KP696448,
P189,Pavlov,A1; Smash,189,1,Bacillus megaterium,,CPT,,,73,Joshua Tsao,,"30.616633, -96.343471",2010-01-03,,Enrich,,,2014,,,,,Pool 1,NODE_16_length_40079_cov_25.3867_ID_31,,8a00517826bf740f2be29d1caac3bdb0,40079,,,,,,,,,,,,,,,FALSE,44,Scott Mash,2015,,,,10.1128/genomeA.00993-15,Paper,,KT001911,
P202,Perkins,Mia,202,1,Bacillus megaterium,,CPT,,,,,,,,,,,,2014,,,,,Pool 2,NODE_20_length_19245_cov_94.6532_ID_39,,e7224d07bdd6c5e39368215ba600d1c9,19245,,TRUE,,,,,,FALSE,,,FALSE,,,,FALSE,64,Whitney Hastings,2015,,"phi29-like, needs ends",,,,,,
P205,Prancer,Pegasus,205,1,Bacillus megaterium,,CPT,,,,,,,,,,,,2014,,,,,Pool 3,3_13,,18fa25391b4043850903b093f531dac1,19140,,,,,,,,,,,,,,,,59,Brontee Khatemi,2015,,"phi29-like, needs ends",,,,,,
P212,Silence,FYW,212,1,Bacillus megaterium,,CPT,,,,,,,,,,,,2014,,FALSE,,,Pool 1,NODE_17_length_40056_cov_34.3495_ID_33,,dc96f978ec6a29eb2606513f5e2791a1,40056,,,,,,,,,,,,,,,FALSE,50,Nicholas Farmer,2015,,,in press,,,,KT001912,
P106,Blastoid,,106,1,Bacillus pumilus,,CPT,,,,,,,,,,,,2012,,FALSE,,,contig 5-4,,"30,73",,49524,,,,,,,,,,,,,,,FALSE,44,Scott Mash,2013,,,,10.1128/genomeA.00854-13,Paper,,KF669648,NC_022773.1
P119,Glittering,Glitter,119,1,Bacillus pumilus,,CPT,,,,,,,,,,,,2012,,FALSE,,,MID7,contig00005,"299,58",80af6d498e02c04b2dae3d276fd67073,48395,,,,,,,,,,,,,,,FALSE,55,S Mathew,2013,,,,10.1128/genomeA.00856-13,Paper,,KF669651,NC_022766.1
P125,Oprime,,125,1,Bacillus pumilus,,L. Temple,,,,,,,,,,,,2012,,FALSE,,,MID1,contig00003,,b3cf77a191e9a17ef99f73f48016056a,49522,,N/A,,,,,,N/A,,,N/A,,,,FALSE,,,,,sequence sent to phage owner,,,,,,
P130,Riggi,,130,1,Bacillus pumilus,,CPT,,,,,,,,,,,,2012,,FALSE,,,MID5,contig00004,"36,71",0c2a8e878a76b770a428cba0842d464d,49007,,,,,,,,,,,,,,,FALSE,60,Emily Still,2013,,,,10.1128/genomeA.00861-13,Paper,,KF669659,NC_022765.1
P143,Blackout,,143,1,Bacillus pumilus,,L. Temple,,,,,,,,,,,,2012,,FALSE,,,MID2,contig00005,,ee893acf1fd40118be4f83a1aa7ff6e2,49524,,N/A,,,,,,N/A,,,N/A,,,,FALSE,,,,,sequence sent to phage owner,,,,,,
P152,George2,George-2,152,1,Bacillus pumilus,,L. Temple,,,,,,,,,,,,2013,,FALSE,,,MID2,NODE_6_length_25759_cov_158.574097,,809bf23ac5a71245bfa400e9c2048dfa,25759,,N/A,,,,,,N/A,,,N/A,,,,FALSE,,,,,sequence sent to phage owner,,,,,,
P170,Pinkman,,170,1,Bacillus pumilus,,,,,,,,,,,,,,2013,,FALSE,,,,,,,154503,,N/A,,,,,,N/A,,,N/A,,,,FALSE,,,,,sequence sent to phage owner,,,,,,
P188,Yaxell,JMU GroupE,188,1,Bacillus pumilus,,,,,,,,,,,,,,2013,,FALSE,,,,,,,58393,,N/A,,,,,,N/A,,,N/A,,,,FALSE,,,,,sequence sent to phage owner,,,,,,
P193,Heisenberg,,193,1,Bacillus pumilus,,L. Temple,,,,,,,,,,,,2014,,FALSE,,,2_1,,,,154494,,N/A,,,,,,N/A,,,N/A,,,,FALSE,68,Louise Temple,2015,,sequence sent to phage owner,,,,,,
P109,CampHawk,,109,1,Bacillus subtilis,,CPT,,,,,,,,,,,,2012,,FALSE,,,contig 1-07 (JDB),,"131,34",,132421,,,,,,,,,,,,,,,FALSE,54,Morgan Ritz,2013,,,,10.1128/genomeA.00984-13,Paper,,KF669649,NC_022761.1
P120,Grass,,120,1,Bacillus subtilis,,CPT,,,,,,,,,,,,2012,,FALSE,,,contig 4-3,,"128,6",,152440,,,,,,,,,,,,,,,FALSE,56,S Miller,2013,,,,10.1128/genomeA.00857-13,Paper,,KF669652,NC_022771.1
P100,Apco33,,100,1,Bacillus thuringiensis,,L. Temple,,,,,,,,,,,,2012,,FALSE,,,,,,,158755,,N/A,,,,,,N/A,,,N/A,,,,FALSE,,,,,sequence sent to phage owner,,,,,,
P101,BacillaKilla,,101,1,Bacillus thuringiensis,,L. Temple,,,,,,,,,,,,2012,,FALSE,,,,,,,159307,,N/A,,,,,,N/A,,,N/A,,,,FALSE,,,,,sequence sent to phage owner,,,,,,
P105,BigBertha,,105,1,Bacillus thuringiensis,,CPT,,,,,,,,,,,,2012,,FALSE,,,contig 3-3,,145.65,,162661,,,,,,,,,,,,,,,FALSE,52,J Ting,2013,,,,10.1128/genomeA.00853-13,Paper,,KF669647,NC_022769.1
P107,Buttercup,,107,1,Bacillus thuringiensis,,L. Temple,,,,,,,,,,,,2012,,FALSE,,,,,,,160195,,N/A,,,,,,N/A,,,N/A,,,,FALSE,,,,,sequence sent to phage owner,,,,,,
P108,Cadaver,,108,1,Bacillus thuringiensis,,L. Temple,,,,,,,,,,,,2012,,FALSE,,,MID8,contig00005,,28bce6596ff0062c5865302e7009aca4,45177,,N/A,,,,,,N/A,,,N/A,,,,FALSE,,,,,sequence sent to phage owner,,,,,,
P113,Dominatus,,113,1,Bacillus thuringiensis,,L. Temple,,,,,,,,,,,,2012,,FALSE,,,,,,,161841,,N/A,,,,,,N/A,,,N/A,,,,FALSE,,,,,sequence sent to phage owner,,,,,,
P118,Genesis,,118,1,Bacillus thuringiensis,,L. Temple,,,,,,,,,,,,2012,,FALSE,,,MID8,contig00004,,a431b5f31481c292bc583deaf5863f7f,46794,,N/A,,,,,,N/A,,,N/A,,,,FALSE,,,,,sequence sent to phage owner,,,,,,
P121,Greenburg-6,,121,1,Bacillus thuringiensis,,L. Temple,,,,,,,,,,,,2012,,FALSE,,,,,,,159280,,N/A,,,,,,N/A,,,N/A,,,,FALSE,,,,,sequence sent to phage owner,,,,,,
P132,Rosie,,132,1,Bacillus thuringiensis,,L. Temple,,,,,,,,,,,,2012,,FALSE,,,,,,,161300,,N/A,,,,,,N/A,,,N/A,,,,FALSE,,,,,sequence sent to phage owner,,,,,,
P135,Spock,,135,1,Bacillus thuringiensis,,CPT,,,,,,,,,,,,2012,,FALSE,,,contig 6-2 ,,"208,91",,159174,,,,,,,,,,,,,,,FALSE,63,Justin Maroun,2013,,,,10.1128/genomeA.00863-13,Paper,,KF669662,NC_022763.1
P137,Storm,,137,1,Bacillus thuringiensis,,L. Temple,,,,,,,,,,,,2012,,FALSE,,,,,,,108583,,N/A,,,,,,N/A,,,N/A,,,,FALSE,,,,,sequence sent to phage owner,,,,,,
P138,Thugmotiv8n,,138,1,Bacillus thuringiensis,,L. Temple,,,,,,,,,,,,2012,,FALSE,,,,,,,160193,,N/A,,,,,,N/A,,,N/A,,,,FALSE,,,,,sequence sent to phage owner,,,,,,
P139,Wale,,139,1,Bacillus thuringiensis,,L. Temple,,,,,,,,,,,,2012,,FALSE,,,,,,,162025,,N/A,,,,,,N/A,,,N/A,,,,FALSE,,,,,sequence sent to phage owner,,,,,,
P140,Wannahock,,140,1,Bacillus thuringiensis,,L. Temple,,,,,,,,,,,,2012,,FALSE,,,,,,,161161,,N/A,,,,,,N/A,,,N/A,,,,FALSE,,,,,sequence sent to phage owner,,,,,,
P141,Waukesha92,,141,1,Bacillus thuringiensis,,L. Temple,,,,,,,,,,,,2012,,FALSE,,,MID9,contig00006,,11230c5c717676afe0ef16df05ae3b20,45648,,N/A,,,,,,N/A,,,N/A,,,,FALSE,,,,,sequence sent to phage owner,,,,,,
P151,Gator,,151,1,Bacillus thuringiensis,,,,,,,,,,,,,,2013,,FALSE,,,,,,,159523,,N/A,,,,,,N/A,,,N/A,,,,FALSE,,,,,sequence sent to phage owner,,,,,,
P154,MDN,JMU GroupA,154,1,Bacillus thuringiensis,,,,,,,,,,,,,,2013,,FALSE,,,,,,,158230,,N/A,,,,,,N/A,,,N/A,,,,FALSE,,,,,sequence sent to phage owner,,,,,,
P180,Straubster,JMU GroupA,180,1,Bacillus thuringiensis,,,,,,,,,,,,,,2013,,FALSE,,,,,,,163528,,N/A,,,,,,N/A,,,N/A,,,,FALSE,,,,,sequence sent to phage owner,,,,,,
P181,SweetPea,JMU GroupF,181,1,Bacillus thuringiensis,,,,,,,,,,,,,,2013,,FALSE,,,,,,,53552,,N/A,,,,,,N/A,,,N/A,,,,FALSE,,,,,sequence sent to phage owner,,,,,,
P182,Trinity,,182,1,Bacillus thuringiensis,,,,,,,,,,,,,,2013,,FALSE,,,,,,,157582,,N/A,,,,,,N/A,,,N/A,,,,FALSE,,,,,sequence sent to phage owner,,,,,,
P226,B1,,226,1,Brevundimonas subvibrioides,,P. Curtis,,,,,,,,,,,,2015,,FALSE,,,,,,,53212,,N/A,,,,,,N/A,,,N/A,,,,FALSE,,,,,sequence sent to phage owner,,,,,,
P230,Sh,,230,1,Brevundimonas subvibrioides,,P. Curtis,,,,,,,,,,,,2015,,FALSE,,,,,,,87225,,N/A,,,,,,N/A,,,N/A,,,,FALSE,,,,,sequence sent to phage owner,,,,,,
P69,Bcep-NY5-1054,,69,1,Burkholderia cenocepacia,,CPT,,,33,Jason Gill,,,,,,,,2011/11,,FALSE,,,MID7,contig00006,,8fc02f2889e7b1cb14147187011072d8,37715,,TRUE,,,myo,,,TRUE,,,FALSE,,,,FALSE,,,,,,,,,,,
P70,BcepSauron,repliG,70,1,Burkholderia cenocepacia,,CPT,,,33,Jason Gill,,,,,,,,2011/11,,FALSE,,,5-125-35-15-7&5-11,,,,200000,,,,,,,,,,,,,,,FALSE,,,,,,manuscript in preparation,,,,,
P73,NY12,,73,1,Burkholderia cepacia,,CPT,,,33,Jason Gill,,,,,,,,2011/11,,FALSE,,,2014 1_2; 2012 contig 1-6,,"90,562",,263735,,,,,,,,,,,,,,,FALSE,43,Katie Park,2015,,,manuscript in preparation,,,,,
P102,Bglu100,,102,1,Burkholderia glumae,,L. Temple,,,,,,,,,,,,2012,,FALSE,,,MID3,contig00004,,2bdad613f5fbf3ee0d03bdb12937d082,44589,,N/A,,,,,,N/A,,,N/A,,,,FALSE,,,,,sequence sent to phage owner,,,,,,
P103,Bglu200,,103,1,Burkholderia glumae,,L. Temple,,,,,,,,,,,,2012,,FALSE,,,MID4,contig00005,,5ba33cf3b19e3eb9c0db9201d0b36635,44589,,N/A,,,,,,N/A,,,N/A,,,,FALSE,,,,,sequence sent to phage owner,,,,,,
P104,Bglu300,,104,1,Burkholderia glumae,,L. Temple,,,,,,,,,,,,2012,,FALSE,,,MID5,contig00005,,d05fd5207a2156cd94f15c7877c13fdc,44588,,N/A,,,,,,N/A,,,N/A,,,,FALSE,,,,,sequence sent to phage owner,,,,,,
P1,Bushy ,,1,1,Caulobacter crescentus,cb15,CPT,,,32,Joel Berry,,,,,,,,2011/01,,TRUE,,,MID4,"contig00008
contig00009",,65126386e97b8b149b7eb2e2c94a9daf,40419,,FALSE,,,podo,,,,,,,,,,,,,,,,,,,,,
P21,Icarus,A7,21,1,Caulobacter crescentus,"cb15, JS1004, JS1013",CPT,,,32,Joel Berry,,,,,,,200,2010,,TRUE,,,4-2,,,,211574,,FALSE,,200,sipho,prolate,,,,,,,,,,,,,,,,,,,,
P22,C8,,22,1,Caulobacter crescentus,,CPT,,,32,Joel Berry,,,,,,,,2011/01,,TRUE,,,MID3,contig00013,,2ad6ebb6aaf68d67285d33840ff0611e,29495,,FALSE,,65,podo,isometric,,,,,,,,,,,,,,,,,,,,
P270,Wasp,Zapp,270,1,Caulobacter crescentus,"cb15, JS1004, JS1013",CPT,,,,,,"30.602116, -96.360065",,water,,,,2011/11,,FALSE,,,,,18,,189660,,TRUE,,,sipho,prolate,,TRUE,,,FALSE,,,,FALSE,,,,,,,,,,,
P277,Rouge,,277,1,Caulobacter crescentus,,,,,,,,,,,,,,,,,,,,,,3cd92eae3722b7b486d45c9235439690,223720,,,,,,,,,,,,,,,FALSE,,,,,,,10.1186/1471-2164-13-542,Paper,,JX100814,NC_019408.1
P3,Cbk,,3,1,Caulobacter crescentus,cb15,CPT,,,33,Jason Gill,,,,,,,,,,,,,,,,,,,FALSE,,,sipho,prolate,,,,,,,,,FALSE,,,,,,,10.1186/1471-2164-13-542,Paper,,JX100813,NC_019405.1
P32,"B1
",Karma,32,1,Caulobacter crescentus,,,,,37,Misty Reynolds,,"30.697381, -96.283456",2010-02-03,,,,280,2011/01,,FALSE,,,MID4,contig00001,,3d3717453d1dd58220fa39e52c98861b,211574,,TRUE,,273,sipho,prolate,,TRUE,,,TRUE,,,,FALSE,,,,,,,,,,,
P4,cbS2,Leela,4,1,Caulobacter crescentus,"cb15, JS1004, JS1013",CPT,,,38,Rebecca Martin,,,,,,,,2011/11,,FALSE,,,,,,,183493,,TRUE,,,sipho,prolate,,TRUE,,,FALSE,,,,FALSE,,,,,,,,,,,
P49,Gidget,,49,1,Caulobacter crescentus,,CPT,,,28,Ashley K,,,,,,,,2011/11,,TRUE,,,,,,,,,FALSE,,,,,,,,,,,,,,,,,,,,,,,,
P5,cbs2,Morbo,5,1,Caulobacter crescentus,"cb15, JS1004, JS1013, cb1",CPT,,,78,Kevin White,,"30.635112, -96.298832",,water,,,,2011/11,,FALSE,,,,,41,,209589,,TRUE,,,sipho,prolate,,TRUE,,,FALSE,,,,FALSE,,,,,,,,,,,
P50,J6,Kif; CCreJ6; J6,50,1,Caulobacter crescentus,cb15,CPT,,,76,D H,,,,,,,,2011/11,,FALSE,,,MID1,contig00006,91,c8940f52fd8f3e421a914dd7cb8fb993,46778,,TRUE,,,podo,,,TRUE,,,FALSE,,,,FALSE,,,,,,,,,,,
P58,Karma,B4,58,1,Caulobacter crescentus,"cb15, JS1004, JS1013",CPT,,,71,Bryan Johnson,,"30.600152, -96.323324",2010-02-03,,Conc,,,2010,,FALSE,,,,,,,221828,,,,,sipho,prolate,,,,,,,,,FALSE,,,,,Cbk paper,,10.1186/1471-2164-13-542,Paper,,JX100811,NC_019410.1
P59,M8,Zoid,59,1,Caulobacter crescentus,cb15,CPT,,,80,Matthew Maddox,,"32.840763, -96.777764",,water,,,,2011/11,,FALSE,,,,,43,,214406,,TRUE,,,sipho,prolate,,TRUE,,,FALSE,,,,FALSE,,,,,,,,,,,
P6,Clamps,cb15,6,1,Caulobacter crescentus,"cb15, JS1004, JS1013",CPT,,,76,D H,,,,,,,,2011/11,,FALSE,,,,,,,209023,,TRUE,,,sipho,prolate,,TRUE,,,FALSE,,,,FALSE,,,,,,,,,,,
P60,Magneto,C5; CcrMagneto,60,1,Caulobacter crescentus,"cb15, JS1004, JS1013",CPT,,,32,Joel Berry,,,,,,,200,2010,,FALSE,,,3-1/3-11,,,e3b2bf5247ac7103af02fdc927007349,218929,,TRUE,,,sipho,prolate,,TRUE,,,TRUE,,,,FALSE,,,,,,,10.1186/1471-2164-13-542,Paper,,JX100812,NC_019407.1
P7,Colossus,A6,7,1,Caulobacter crescentus,"cb15, JS1004, JS1013",CPT,,,32,Joel Berry,,,,,,,,2010,,FALSE,,,,,,,279967,,TRUE,,292,sipho,prolate,,TRUE,,,TRUE,,,,FALSE,,,,,,,10.1186/1471-2164-13-542,Paper,,JX100810,NC_019406.1
P71,cb13a,,71,1,Caulobacter crescentus,,CPT,,,33,Jason Gill,,,,,,,,2011/11,,,,,Project 6,contig00001,,e70b48f11f2d877efd033a135dcd15d8,205459,,,,,,,,,,,,,,,TOO CLOSE TO CBK,,,,,,,,,,,
P77,Percy,Scruffy; C8; CCreC8; Pachuco; Popsicle,77,1,Caulobacter crescentus,cb15,CPT,,,33,Jason Gill,,,,,,,45,2011/11,,FALSE,,,MID6,contig00004,51,65c8073a1160ad89bd5720000a9460a0,44773,,TRUE,,65,podo,isometric,,TRUE,,,FALSE,,,,FALSE,,,2015,,,in press,,,,KT381879,
P78,Pinata,M7; Bender,78,1,Caulobacter crescentus,cb15,CPT,,,80,Matthew Maddox,,"32.840763, -96.777764",,water,,,,2011/11,,FALSE,,,,,22,,46778,,,,,podo,,,,,,,,,,FALSE,,,2015,,,manuscript in preparation,,,,,
P79,Rogue,A3,79,1,Caulobacter crescentus,"cb15, JS1004, JS1013",CPT,,,39,Rachel Gubbels,,"30.603183, -96.360025",2010-02-04,water,Enrich,,,2010,,FALSE,,,1-1,,,,213399,,TRUE,,214,sipho,prolate,,TRUE,,,TRUE,,,,FALSE,,,,,,,,,,,
P8,Cyclops,A2,8,1,Caulobacter crescentus,cb15,CPT,,,5,Alex Klattenhoff,,"30.618453, -96.306963",2010-01-28,,Enrich,,,2010,,,,,,,,,83512,,,,72,sipho,isometric,,,,,,,,,,,,,,,,,,,,
P89,S3T,Cruces,89,1,Caulobacter crescentus,cb15,CPT,,,38,Rebecca Martin,,"10.383596, -84.617590",,water,,,,2011/11,,FALSE,,,,,139,,215317,,TRUE,,,sipho,prolate,,TRUE,,,FALSE,,,,FALSE,0,Eric Rasche,,,,,,,,,
P9,Farns,A5,9,1,Caulobacter crescentus,"cb15, JS1004, JS1013",CPT,,,33,Jason Gill,,"30.602116, -96.360065",,water,,,,2011/11,,FALSE,,,,,,,213785,,TRUE,,,sipho,prolate,,TRUE,,,FALSE,,,,FALSE,,,,,,,,,,,
P90,S4T3,Soltis,90,1,Caulobacter crescentus,cb15,CPT,,,38,Rebecca Martin,,"10.383596, -84.617590",,water,,,,2011/11,,FALSE,,,,,54,,288044,,TRUE,,,sipho,prolate,,TRUE,,,FALSE,,,,FALSE,,,,,,,,,,,
P91,Sansa,Nibbler; Scrat,91,1,Caulobacter crescentus,"cb15, JS1004, JS1013, J6",CPT,,,28,Ashley K,,,,,,,,2011/11,,FALSE,,,JDB see above,,,,78170,,TRUE,,,sipho,isometric,,TRUE,,,FALSE,,,,FALSE,,,2015,,,in press,,,,KT001913,
P92,Seuss,Fry; Charm,92,1,Caulobacter crescentus,cb15,CPT,,,75,Jennifer Keen,,"29.451105, -98.532557",,,,,,2011/11,,FALSE,,,JDB see above,,37,,83390,,,,,sipho,isometric,,,,,,,,,FALSE,,,2015,,,in press,,,,KT001914,
P93,Storm,B6,93,1,Caulobacter crescentus,cb15,CPT,,,32,Joel Berry,,,,,,,,2010,,,,,MID2,contig00001,,4e3d0c32813b4619e9b8e61311f0e175,240421,,,,128,myo,isometric,,TRUE,,,,,,,DONE NOT SUBMITTED,2,Lauren Lessor,,,,,,,,,
P94,Sage,,94,1,Caulobacter crescentus,,CPT,,,,,,,,,,,,2011/11,,TRUE,,,,,,,,,FALSE,,,,,,,,,,,,,,,,,,,,,,,,
P95,Ccre1,,95,1,Caulobacter crescentus,,CPT,,,,,,,,,,,,2011/11,,TRUE,,,,,,,204111,,FALSE,,,,,,,,,,,,,,,,,,,,,,,,
P98,Swift,A4,98,1,Caulobacter crescentus,"cb15, JS1004, JS1013",CPT,,,74,Kristen Thomas,,"30.640954, -96.364270",2010-02-03,,Enrich,,,2010,,FALSE,,,2-2,,,,219216,,TRUE,,212,sipho,prolate,,TRUE,,,TRUE,,,,FALSE,,,,,,,10.1186/1471-2164-13-542,Paper,,JX100809,NC_019411.1
P155,Miller,,155,1,Citrobacter freundii,,CPT,,,,,,,,,,,,2013,,FALSE,,,,,"30,1",,178171,,,,,,,,,,,,,,,FALSE,47,Adrian Luna,2014,,,,10.1128/genomeA.01425-14,Paper,,KM236237,
P157,Moogle,,157,1,Citrobacter freundii,,CPT,,,,,,,,,,,,2013,,FALSE,,,,,"13,62",,87999,,,,,,,,,,,,,,,FALSE,47,Adrian Luna,2014,,,,10.1128/genomeA.01426-14,Paper,,KM236239               ,
P158,Moon,,158,1,Citrobacter freundii,,CPT,,,,,,,,,,,,2013,,FALSE,,,,,"48,1",,170341,,,,,,,,,,,,,,,FALSE,47,Adrian Luna,2014,,,,10.1128/genomeA.01427-14,Paper,,KM236240              ,
P178,Stevie,Stark; Singe,178,1,Citrobacter freundii,,CPT,,,,,,,,,,,,2013,,FALSE,,,,,"33,68",faba871fe252ab9333ade231a17381dd,49759,,,,,,,,,,,,,,,FALSE,47,Adrian Luna,2014,,,,10.1128/genomeA.01434-14,Paper,,KM236241,
P194,Margaery,JNC 464,194,1,Citrobacter freundii,,CPT,,,,,,,,,,,150,2014,,FALSE,,,3_2,,,,138729,,,,,,,,,,,,,,,FALSE,,,2015,,,in press,,,,KT381880,
P196,Max,JDS 464,196,1,Citrobacter freundii,,CPT,,,,,,,,,,,,2014,,FALSE,,,3_3,,,,85603,,,,,,,,,,,,,,,FALSE,,,2015,,,in press,,,,,
P197,Merlin,EH 464,197,1,Citrobacter freundii,,CPT,,,,,,,,,,,,2014,,FALSE,,,5_2,,,,172790,,,,,,,,,,,,,,,FALSE,,,2015,,,in press,,,,KT001915,
P198,Michonne,VB 464,198,1,Citrobacter freundii,,CPT,,,,,,,,,,,80,2014,,FALSE,,,Pool 1,NODE_4_length_90000_cov_56.2962_ID_7,,3852431ed360e52fcca4c553424e5652,90000,,,,,,,,,,,,,,,FALSE,,,2015,,,in press,,,,KT001916,
P218,Maleficent,,218,1,Citrobacter freundii,,CPT,,,4,Victoria C. Berkowitz,,,,,Direct concentration,,,2015/05,Illumina,,,,Sample 5,NODE_15_length_89632_cov_34.7016_ID_29,34.7016,255cb88cfd42dc8599f3e5a5debe6009,89632,,,,,myo,,"Felix-O1-like, rIIa opening",,,,,,,,TRUE,19,Hayden Wright,2016,,,,,,,,
P219,Maroon,,219,1,Citrobacter freundii,,CPT,,,92,Qiuyan Shao,,,,,Direct concentration,,,2015/05,Illumina,,,,Sample 6,NODE_4_length_144762_cov_53.5341_ID_7,53.5341,3f3dc74485ee041e011374e7b0c61da2,144762,,,,,myo,,"RB43-like, rIIa opening",TRUE,,,,,,,TRUE,20,James McDermott,2016,,,,,,,,
P220,Mijalis,,220,1,Citrobacter freundii,,CPT,,,6,Eleni Mijalis,,,,,Direct concentration,,,2015/05,Illumina,,,,Sample 3,NODE_15_length_88054_cov_67.5384_ID_29,67.534,b289eb47ccfa9b0644b9129ddbc3ef7a,88054,,,,,myo,,"Felix-O1-like, rIIa opening",TRUE,,,,,,,TRUE,21,Sruti Parvateneni,2016,,,,,,,,
P231,Sazh,JPS_partial,231,1,Citrobacter freundii,,CPT,,,7,Justin P. Shaw,,,,,Enrichment,,50,2015/05,Illumina,,,,"7,32",NODE32_49720_cov_25.7_PARTIAL,"25,7",af349703f604e7849816aa7a29f32cc6,49720,,FALSE,,,sipho,,"T1-like, TerS opening",,,,,,,,TRUE,22,Whitney Crossland,2016,,,,,,,,
P276,Mordin,Max,276,1,Citrobacter freundii,,,,,,,,,,,,,,,,,,,Sample 6,NODE_3_length_85603_cov_20.4774_ID_5,,2a493ac5b9480e39583e362030f3d2f6,85603,,,,,,,,,,,,,,,FALSE,,,,,,in press,,,,KT363872,
P16,CN1A,,16,1,Clavibacter michiganensis CN18-4,,Gonzalez,,,1,G Chun,,,,,,,,2011/01,,FALSE,,,MID1,contig00006,"120,9090746",7f35d9dd7cc75ad2433e3922773d3b2a,55837,,,,,,,,,,,,,,,FALSE,41,Rohit Kongari,2013,"Unknown, contact submitter. located in joel's foles, 454 data and assemblies, Jan 2011, 454 Jan contigs clavibacter phages",,,10.1128/genomeA.00865-13,Paper,,KF669650,NC_023549.1
P17,CN3,,17,1,Clavibacter michiganensis CN18-4,,Gonzalez,,,1,G Chun,,,,,,,,2011/01,,,,,MID2,contig00008,"208,7993554",73d3b55c62cf4ffd01026aca297bec02,55845,,,,,,,,,,,,,,,FALSE,42,Karthik Chamakura,2013,,,,,,,,
P18,CN8,,18,1,Clavibacter michiganensis CN18-4,,Gonzalez,,,1,G Chun,,,,,,,,2011/01,,,,,MID3,contig00005,,516711fd2dbb799dd7450688978e8d30,55557,,,,,,,,TRUE,,,,,,,TRUE,,,,"identical to CN1A, KF669650?",,,,,,,
P72,LoopD,S33S,72,1,Desulfovibrio,,CPT,,,33,Jason Gill,,,,,,,,2011/11,,FALSE,,,MID6,contig00006,,5dcd793f868d6c5068cc36333880c3a9,42758,,TRUE,,,,,,TRUE,,,FALSE,,,,FALSE,,,,SRB Phage,,,,,,,
P254,EaSc,,254,1,Enterobacter aerogenes,,,,,25,Jesse Cahill,,,,,,,50,2016/01,"MiSeq V2 300 cycle reagent kit (2 x 150 bp reads), with sample loaded at 10 pM. Libraries were prepared with 550 bp inserts using a TruSeq Nano kit with Set A indexed adapters.",,,,9,,,,,,,,,myo,,,,,,,,,,,,,,,,,,,,,
P255,EaSf,,255,1,Enterobacter aerogenes,,,,,25,Jesse Cahill,,,,,,,50,2016/01,"MiSeq V2 300 cycle reagent kit (2 x 150 bp reads), with sample loaded at 10 pM. Libraries were prepared with 550 bp inserts using a TruSeq Nano kit with Set A indexed adapters.",,,,12,,,,,,,,,myo,,,,,,,,,,,,,,,,,,,,,
P156,Mishka,Intestiphage3; Trogdor,156,1,Escherichia coli,,CPT,,,,,,,,,,,,2013,,TRUE,,,,,75,,52930,,FALSE,,,,,,,,,,,,,,89,Jacqueline Grimm,2014,"N4-like, termini undetermined",,,,,,,
P169,PeachChen,Intestiphage,169,1,Escherichia coli,,CPT,,,,,,,,,,,,2013,,TRUE,,,,,"34,6",,73674,,FALSE,,,,,,,,,,,,,,53,Sudath Dahanayaka,2014,,,,,,,,
P200,Murica,,200,1,Escherichia coli,,CPT,,,,,,,,,,,,2014,,FALSE,,,2_3,,,,135446,,,,,,,,,,,,,,,FALSE,,,2015,,,in press,,,,KT001917,
P214,TolC phage,Carlos; CAM_TolC_phage,214,1,Escherichia coli,,,,,,,,,,,,,,2014,,,,,Pool 2,NODE_11_length_41047_cov_63.6063_ID_21,,,41047,,,,,,,,,,,,,,,,,Carlos?,2015,,,,,,,,
P216,LL11,,216,1,Escherichia coli,,CPT,,,2,Lauren Lessor,,,,wastewater,,,,2011/11,454,,,,MID3,contig00005,"96,29904124",ff0b6e9569862e7b22e27bfaf135751c,45185,,,,,podo,,,,,,,,,,TRUE,9,Matthew Theodore,2016,,,,,,,,
P217,LL2-1,,217,1,Escherichia coli,,CPT,,,2,Lauren Lessor,,,,wastewater,,,,2011/11,454,,,,MID10,contig00003,"25,44935291",23d90d0f2c95f6a848928ad56174c092,39382,,,,,podo,prolate,,,,,,,,,TRUE,10,Rajiv Rangan,2016,T7-like phage,,,,,,,
P272,T7,,272,1,Escherichia coli,,CPT,,,33,Jason Gill,,,,,,,,,,,,,,,,,,,FALSE,,,,,,,,,,,,,,,,,,,,,,,,
P47,HK243,,47,1,Escherichia coli,,A. Davidson,,,70,A Davidson,,,,,,,,2011/11,,FALSE,,,,,,,58645,,N/A,,,,,,N/A,,,N/A,,,,FALSE,,,,,sequence sent to phage owner,,,,,,
P88,ML87,,88,1,Escherichia coli,,CPT,,,2,Lauren Lessor,,,,,,,,2011/11,,,,,MID8,contig00001,,e50c5cf734c5a3fe179b47b881e2d278,169367,,,,,,,,,,,,,,,FALSE,,,,cant find contig,,,,,,,
P61,DoroYhp1,,61,1,Escherichia coli,,CPT,,,31,Irina Chen,,,,,,,,2011/11,,TRUE,,,MID8, contig00003,,87cc5e752d075fdb70bf2b39b9b359df,18122,,FALSE,,,,,,,,,,,,,,,,,,resequence or research,,,,,,
P62,DoroZhp1,,62,1,Escherichia coli,,CPT,,,31,Irina Chen,,,,,,,,2011/11,,,,,MID9,contig00005,,0dabf40c594c6498ab560faea85e632f,45532,,,,,,,,,,,,,,,,,,,,for research,,,,,,
P63,DoroZhp2,,63,1,Escherichia coli,,CPT,,,31,Irina Chen,,,,,,,,2011/11,,,,,MID10,contig00002,,53ef7187a9e687f6f9b726f5bf444a58,45537,,,,,,,,,,,,,,,,,,,,for research,,,,,,
P64,WerYhp1,,64,1,Escherichia coli,,CPT,,,31,Irina Chen,,,,,,,,2011/11,,,,,,,,,446358,,,,,,,,,,,,,,,,,,,,for research,,,,,,
P65,WerZhp1,,65,1,Escherichia coli,,CPT,,,31,Irina Chen,,,,,,,,2011/11,,,,,MID12,contig00001,,3c2411f96c4573d05640536eea545252,44630,,,,,,,,,,,,,,,,,,,,,,,,,,
P66,Ymel,,66,1,Escherichia coli,,CPT,,,32,Joel Berry,,,,,,,,2011/11,,,,,MID7,contig00005,,81cdd6ceb8694755a737776113267131,48504,,,,,,,,,,,,,,,,,,,lambda,for research,,,,,,
P80,LL12,,80,1,Escherichia coli,,CPT,,,2,Lauren Lessor,,,,wastewater,,,,2011/11,,TRUE,,,,,,,,,FALSE,,,,,,,,,,,,,,,,,,,,,,,,
P81,LL4,,81,1,Escherichia coli,,CPT,,,2,Lauren Lessor,,,,wastewater,,,,2011/11,,TRUE,,,,,,,,,FALSE,,,,,,,,,,,,,,,,,,,,,,,,
P82,LL5,,82,1,Escherichia coli,,CPT,,,2,Lauren Lessor,,,,wastewater,,,,2011/11,,,,,,,,,49784,,,,,,,,,,,,,,,,,,,,,,,,,,
P85,LA85,,85,1,Escherichia coli,,CPT,,,2,Lauren Lessor,,,,,,,,2011/11,,,,,MID9,contig00002,,9d50ea841faae04769e275e0a2ee3f53,169367,,,,,,,,,,,,,,,FALSE,,,,can't find contig,,,,,,,
P96,LH01,,96,1,Escherichia coli,,CPT,,,,,,,,,,,,2011/11,,,,,MID7,contig00002,,ea6ec9d826e001bbafb2cb44281986a5,169370,,,,,,,,,,,,,,,DEATON PHAGE,,,,,,,,,,,
P83,Pollack,Spoke; LL2-2,83,1,Escherichia coli ETEC,,CPT,,,2,Lauren Lessor,,"30.616179, -96.279486",,wastewater,,,,2011/11,,FALSE,,,,,"157,7",,67775,,,,,,,,,,,,,,,FALSE,2,Lauren Lessor,2014,,,,10.1128/genomeA.01431-14,Paper,,KM236242               ,
P84,Seurat,LL10; Crank,84,1,Escherichia coli ETEC,,CPT,,,2,Lauren Lessor,,"30.616179, -96.279486",,wastewater,,,,2011/11,,FALSE,,,,,"107,3",,56776,,,,,,,,,,,,,,,FALSE,2,Lauren Lessor,2014,,,,10.1128/genomeA.00044-15,Paper,,KM236243               ,
P19,Scandella,Dorothea; pel1,19,1,Escherichia coli K-12,,CPT,,,32,Joel Berry,,,,,,,,2011/01,,FALSE,,,MID2,contig00009,,ceb0681566b0886ad118fa650fdcd280,45597,,TRUE,,,,,,TRUE,,,TRUE,,,,FALSE,,,,reduced EOP on pel strains,See Irina Chen; for research,,,,,,
P20,SirWerner,Werner; pel5,20,1,Escherichia coli K-12,,CPT,,,32,Joel Berry,,,,,,,,2011/01,,FALSE,,,MID3,contig00007,,29d9ea78654ff0d5b1ffd0be1d482a0f,44631,,TRUE,,,,,,TRUE,,,TRUE,,,,FALSE,,,,reduced EOP on pel strains,See Irina Chen; for research,,,,,,
P28,Gord01-02,,28,1,Gordonia sp 01,,M. Liu,,,79,M Liu,,,,,,,,2011/01,,FALSE,,,,,,,75969,,N/A,,,sipho,,,N/A,,,N/A,,,,FALSE,,,,,sequence sent to phage owner,,,,,,
P29,Gord04-01,,29,1,Gordonia sp 04,,M. Liu,,,79,M Liu,,,,,,,,2011/01,,FALSE,,,,,,,75167,,N/A,,,sipho,,,N/A,,,N/A,,,,FALSE,,,,,sequence sent to phage owner,,,,,,
P30,Gord07-01,,30,1,Gordonia sp 07,,M. Liu,,,79,M Liu,,,,,,,,2011/01,,FALSE,,,,,,,76276,,N/A,,,sipho,,,N/A,,,N/A,,,,FALSE,,,,,sequence sent to phage owner,,,,,,
P31,Gord08-01,,31,1,Gordonia sp 07,,M. Liu,,,79,M Liu,,,,,,,,2011/01,,FALSE,,,,,,,76536,,N/A,,,sipho,,,N/A,,,N/A,,,,FALSE,,,,,sequence sent to phage owner,,,,,,
P10,Gord11-01,,10,1,Gordonia sp 11,,M. Liu,,,79,M Liu,,,,,,,,2010/09,,FALSE,,,MID1,"contig00118
contig00078",,cb59466a777a98905c92337b896ce564,43521,,N/A,,,sipho,,,N/A,,,N/A,,,,FALSE,,,,,sequence sent to phage owner,,,,,,
P162,P-NIH11,,162,1,Klebsiella pneumoniae,,CPT,,,,,,,,,,,,2013,,,,,MID4,NODE_3_length_49015_cov_63.949505,"63,9",9b07d38f665b9df4ddb4591fea06939e,49233,,,,,,,,,,,,,,,TRUE,,,,"some weak blast hits to Bacillus podophage Pony, possible missasignment",,,,,,,
P164,P-NIH14,,164,1,Klebsiella pneumoniae,,CPT,,,,,,,,,,,,2013,,,,,MID7,NODE_5_length_38742_cov_21.573254,"21,57",3c3a50e1c465a2ee202f900f2c7a05e5,38742,,,,,,,,,,,,,,,TRUE,,,,"hits citrobacter podophage, possible misassignment",,,,,,,
P165,P-NIH4,,165,1,Klebsiella pneumoniae,,CPT,,,,,,,,,,,,2013,,,,,"8,2",,"76,6",,174664,,,,,,,,,,,,,,,TRUE,,,,,,,,,,,
P201,P-NIH13,NIH13,201,1,Klebsiella pneumoniae,,CPT,,,,,,,,,,,,2014,,,,,Pool 1,NODE_15_length_41621_cov_6.1131_ID_29,6,0b174ebe6e45bc5c3816c6cc53647e9b,41621,,,,,,,,,,,,,,,FALSE,,,2015,,,,,,,,
P221,P-NIH10,MID3NODE_8_Klebs,221,1,Klebsiella pneumoniae,,CPT,,,33,Jason Gill,,,,,,,,2013,Illumina,,,,MID3,NODE_8_length_43727_cov_30.209070,"30,20",84044cad387ba9db2abebb117a7c16f1,43727,,,,,myo,,,,,,,,,,TRUE,14,Lorna Min,2016,"hits K. pneumo gDNA, hits Sen34 & P27 weakly; possibly weird lambdoid phage?",,,,,,,
P222,P-NIH12,,222,1,Klebsiella pneumoniae,,CPT,,,33,Jason Gill,,,,,,,,2013,Illumina,,,,MID5,NODE_11_length_48790_cov_27.970282,"27,97",39c3a62b79bc892b81cfbde6805b88eb,49008,,,,,sipho,,,,,,,,,,TRUE,15,Ryan Richardson,2016,,,,,,,,
P257,57,,257,1,Klebsiella pneumoniae,,,,,2,Lauren Lessor,,"30.616179, -96.279486",,wastewater,,,100,2016/01,"MiSeq V2 300 cycle reagent kit (2 x 150 bp reads), with sample loaded at 10 pM. Libraries were prepared with 550 bp inserts using a TruSeq Nano kit with Set A indexed adapters.",,,,6,,,,,,,,,,,,,,,,,,,,,,,,,,,,,,
P258,KS1,,258,1,Klebsiella pneumoniae,,,,,2,Lauren Lessor,,"39.108916, -94.605900",,wastewater,,,100,2016/01,"MiSeq V2 300 cycle reagent kit (2 x 150 bp reads), with sample loaded at 10 pM. Libraries were prepared with 550 bp inserts using a TruSeq Nano kit with Set A indexed adapters.",,,,7,,,,,,,,,myo,,,,,,,,,,,,,,,,,,,,,
P259,NY1,,259,1,Klebsiella pneumoniae,,,,,2,Lauren Lessor,,"39.002702, -77.104368",,wastewater,,,100,2016/01,"MiSeq V2 300 cycle reagent kit (2 x 150 bp reads), with sample loaded at 10 pM. Libraries were prepared with 550 bp inserts using a TruSeq Nano kit with Set A indexed adapters.",,,,5,,,,,,,,,sipho,,,,,,,,,,,,,,,,,,,,,
P191,57,,191,1,Klebsiella pneumoniae,,CPT,,,,,,,,,,,,2014,,TRUE,,,MID2,NODE_10_length_45807_cov_5.3555_ID_19,5,176f14789ebcc4cd7eb6498d4424b7a1,45807,,FALSE,,,,,,,,,,,,,,,,2015,,,,,,,,
P195,Matisse,47L,195,1,Klebsiella pneumoniae,,CPT,,,,,,,,,,,,2014,,FALSE,,,4_2,,,,176136,,,,,,,,,,,,,,,FALSE,,,2015,,,in press,,,,KT001918,
P235,NIH13,,235,1,Klebsiella pneumoniae,,CPT,,,,,,,,,,,,2015/05,,,,,,,,ddddc1fc55bb623a01a9acbe6b54e1a5,48785,,,,,,,,,,,,,,,TRUE,25,Jesse Cahill,2015,,,,,,,,
P110,D2,,110,1,Klebsiella pneumoniae,,CPT,,,,,,,,,,,,2012,,FALSE,,,"8,7",,"8,49",,33123,,N/A,,,,,,N/A,,,N/A,,,,FALSE,,,,,sequence sent to phage owner,,,,,,
P111,D3,,111,1,Klebsiella pneumoniae,,CPT,,,,,,,,,,,,2012,,FALSE,,,"9,1",,"33,01",,171764,,N/A,,,,,,N/A,,,N/A,,,,FALSE,,,,,sequence sent to phage owner,,,,,,
P112,D5,,112,1,Klebsiella pneumoniae,,CPT,,,,,,,,,,,,2012,,FALSE,,,"8,2",,"35,24",,117643,,N/A,,,,,,N/A,,,N/A,,,,FALSE,,,,,sequence sent to phage owner,,,,,,
P114,E3,,114,1,Klebsiella pneumoniae,,CPT,,,,,,,,,,,,2012,,FALSE,,,"9,8",,"27,84",,42499,,N/A,,,,,,N/A,,,N/A,,,,FALSE,,,,,sequence sent to phage owner,,,,,,
P199,Miro,47C,199,1,Klebsiella pneumoniae KPC,,CPT,,,,,,,,,,,,2014,,FALSE,,,3_1,,,,176339,,,,,,,,,,,,,,,FALSE,,,2015,,,in press,,,,KT001919,
P213,Sushi,59S1,213,1,Klebsiella pneumoniae KPC,,CPT,,,,,,,,,,,,2014,,FALSE,,,MID1,NODE_12_length_48809_cov_30.8531_ID_23,,e9deb190ad7653f7c08aeca4a265be39,48809,,,,,,,,,,,,,,,FALSE,,,2015,,,,10.1128/genomeA.00994-15,Paper,,KT001920,
P233,Seifer,phi60C,233,1,Klebsiella pneumoniae KPC,,CPT,,,2,Lauren Lessor,05020,,,wastewater,,,,2015/05,Illumina,,,,Sample 2,2_8_phi60C_58313_cov_212,212,b964f90f13f3a5432567ee104d2de5d2,58313,,,,,sipho,,"chi-like, 5' cos",,,,,,,,TRUE,27,Adam Salazar,2016,,,,,,,,
P86,59S1C,,86,1,Klebsiella pneumoniae KPC,,CPT,,,2,Lauren Lessor,,,,wastewater,,,,2015/05,Illumina,,,,Sample 5,5_25_59S1C_70463_cov_79.6,"79,6",f83b0e66e454cae2a4cfa4b928d9bfdb,70463,,FALSE,,,podo,,N4-like,,,,,,,,TRUE,24,Jeffery Powell,2016,,,,,,,,
P174,prophage Sc1,SC1,174,1,Liberibacter asiaticus,,Gonzalez,,,,,,,,,,,,2013,,FALSE,,,,,"24,6",592b4ce27e74f302e24b3686072ef2f7,40048,,N/A,,,,,,N/A,,,N/A,,,,FALSE,,,2014,,sequence sent to phage owner,,,,,,
P173,prophage LC1,,173,1,Liberibacter crescens,,Gonzalez,,,,,,,,,,,,2013,,FALSE,,,,,"69,8",30414be437ef62483e1c81f9d9aec387,40251,,N/A,,,,,,N/A,,,N/A,,,,FALSE,,,2014,,sequence sent to phage owner,,,,,,
P268,Season13,,268,1,Salmonella typhimurium LT2,,Gill,,,8,Yicheng Xie,,,,,,,100,2016/01,"MiSeq V2 300 cycle reagent kit (2 x 150 bp reads), with sample loaded at 10 pM. Libraries were prepared with 550 bp inserts using a TruSeq Nano kit with Set A indexed adapters.",,,,3,,,,,,,,,sipho,,,,,,,,,,,,,,,,,,,,,
P172,Prann,JMU GroupB,172,1,Mycobacterium smegmatis,,,,,,,,,,,,,,2013,,FALSE,,,MID3,"NODE_14_length_33591_cov_88.162964
NODE_20_length_33591_cov_88.162964",88,bcb10f581569ba7fa657af62f2b6548c,33591,,N/A,,,,,,N/A,,,N/A,,,,FALSE,,,,,sequence sent to phage owner,,,,,,
P227,DUC9,,227,1,Proteus,,CPT,,,,,,,,,,,,2015,,TRUE,,,,,,,104651,,FALSE,,,,,,,,,,,,,,,,,,,,,,,,
P144,DUC4,,144,1,Proteus mirabilis,,CPT,,,2,Lauren Lessor,,,,wastewater,,,,2013,Illumina,,,,"3,13",NODE_15_length_104410_cov_41.113247,"41,11",1df79c582ffff7a338c6faf9e5bfbb52,104608,,,,,,,,,,,,,,,TRUE,12,Taylor Bourgeois,2016,,,,,,,,
P145,DUC8,,145,1,Proteus mirabilis,,CPT,,,2,Lauren Lessor,,,,wastewater,,,,2013,Illumina,,,,MID5,NODE_6_length_53174_cov_43.300411,43,052c6766a0293f1c3584b9bd635b15e2,53174,,,,,,,,,,,,,,,TRUE,13,Jennifer Tran,2016,,,,,,,,
P192,DUC7,,192,1,Proteus mirabilis,,CPT,,,,,,,,,,,,2014,,,,,Pool 1,NODE_1_length_287106_cov_8.19506_ID_1,,21fda6791be9ffcc3bcd87ca3c13fef4,287106,,,,,,,,,,,,,,,FALSE,2,Lauren Lessor,2015,,,,,,,,
P87,DUC3,,87,1,Proteus mirabilis,,CPT,,,2,Lauren Lessor,,,,wastewater,,,,2013,Illumina,,,,MID2,NODE_7_length_104042_cov_80.907509,"80,9",22e7ed5fde4104a90f314545fd390617,104042,,,,,,,,,,,,,,,TRUE,11,Benjamin Jones,2016,,,,,,,,
P11,JBD24,,11,1,Pseudomonas,,A. Davidson,,,70,A Davidson,,,,,,,,2011,,,,,MID1,contig00007,,f3f120025be70604ea2c6622939214c4,37095,,,,,,,,,,,,,,,,,,,,,,,,,,
P48,JBD5,,48,1,Pseudomonas,,A. Davidson,,,70,A Davidson,,,,,,,,2011/11,,FALSE,,,MID2,contig00005,,9779229fb817c3f8b2cd76447f265a07,37740,,N/A,,,,,,N/A,,,N/A,,,,FALSE,,,,,sequence sent to phage owner,,,,,,
P215,vir6,,215,1,Rhodococcus,,CPT,,,,,,,,,,,,2014,,,,,Pool 1,NODE_14_length_43026_cov_91.9878_ID_27,,c88d05964046ce8f1b41027469ab191b,43026,,,,,,,,,,,,,,,FALSE,51,Bella Chun,2015,,,,,,,,
P23,ReqiDash195,04-195,23,1,Rhodococcus equi,,CPT,,,34,Liz Summer,,,,,,,,2011/01,,,,,1-05,,,66632c096c50691416f21d50854f8e15,75182,,,,,,,,,,,,,,,,,,,,identical to ReqiDocB7,,,,,,
P24,ReqiKingC9,C9,24,1,Rhodococcus equi,,CPT,,,34,Liz Summer,,,,,,,,2011/01,,,,,4-05,,,,76070,,,,,,,,,,,,,,,,,,,,"Unknown, contact submitter",,,,,,
P25,ReqiLeo325,06-325,25,1,Rhodococcus equi,,CPT,,,34,Liz Summer,,,,,,,,2011/01,,,,,3-03,,,,59232,,,,,,,,,,,,,,,,,,,,identical to ReqiPine,,,,,,
P26,ReqiReedC8,C8,26,1,Rhodococcus equi,,CPT,,,34,Liz Summer,,,,,,,,2011/01,,TRUE,,,,,,,76070,,FALSE,,,,,,,,,,,,,,,,,41305(3-09)+34765(3-12) are highly identical to ReqiDocB7,,,,,,,
P27,ReqiWimpy4B,4B,27,1,Rhodococcus equi,,CPT,,,34,Liz Summer,,,,,,,,2011/01,,,,,2-04,,,,76797,,,,,,,,,,,,,,,,,,,,identical to ReqiPepy6,,,,,,
P12,N4,,12,1,Rhodococcus opacus,,B. Chong,,,77,Do Gyun,,,,,,,,2011/01,,TRUE,,,Nov2011 4-2 (JDB); 2012+ 1-07,,"29,34941995",,55875,,FALSE,,,,,,,,,,,,,,40,Simon Rousseau,2013,,,,,,,,
P13,ROPA-1,,13,1,Rhodococcus opacus,,B. Chong,,,77,Do Gyun,,,,,,,,2011/01,,FALSE,,,2-06,,,,65352,,N/A,,,,,,N/A,,,N/A,,,,FALSE,,,,,sequence sent to phage owner,,,,,,
P131,Ropq_HS2-4,Mushu; Mushu4; Mushu4vir,131,1,Rhodococcus opacus,,,,,,,,,,,,,,2012,,,,,MID9,contig00004,"24,02",e8303e4c34ceedf844b38d3ffd63e2b0,47213,,,,,,,,,,,,,,,,61,B Wang,2013,,,,,,,,
P14,ROPA-2,,14,1,Rhodococcus opacus,,B. Chong,,,77,Do Gyun,,,,,,,,2011/01,,FALSE,,,3-02,,,,65314,,N/A,,,,,,N/A,,,N/A,,,,FALSE,,,,,sequence sent to phage owner,,,,,,
P148,103,,148,1,Rhodococcus opacus,,Gonzalez,,,,,,,,,,,,2013,,FALSE,,,MID2,xcNODE_5_length_48644_cov_14.140778,"63,03",0106540d0364c216af8ed58fbaa4e642,47478,,N/A,,,,,,N/A,,,N/A,,,,FALSE,,,,,sequence sent to phage owner,,,,,,
P15,ROPA-3,,15,1,Rhodococcus opacus,,B. Chong,,,77,Do Gyun,,,,,,,,2011/01,,FALSE,,,4-06,,,,60475,,N/A,,,,,,N/A,,,N/A,,,,FALSE,,,,,sequence sent to phage owner,,,,,,
P183,vir1,,183,1,Rhodococcus opacus,,Gonzalez,,,,,,,,,,,,2013,,FALSE,,,"1,5",,"45,2",,47388,,N/A,,,,,,N/A,,,N/A,,,,FALSE,,,,,sequence sent to phage owner,,,,,,
P184,vir2,,184,1,Rhodococcus opacus,,Gonzalez,,,,,,,,,,,,2013,,FALSE,,,"2,1",,"39,2",,48480,,N/A,,,,,,N/A,,,N/A,,,,FALSE,,,,,sequence sent to phage owner,,,,,,
P185,vir3,,185,1,Rhodococcus opacus,,Gonzalez,,,,,,,,,,,,2013,,FALSE,,,"3,3",,"309,1",,47138,,N/A,,,,,,N/A,,,N/A,,,,FALSE,,,,,sequence sent to phage owner,,,,,,
P186,vir4,,186,1,Rhodococcus opacus,,Gonzalez,,,,,,,,,,,,2013,,FALSE,,,"4,9",,"194,3",,47167,,N/A,,,,,,N/A,,,N/A,,,,FALSE,,,,,sequence sent to phage owner,,,,,,
P187,vir5,,187,1,Rhodococcus opacus,,Gonzalez,,,,,,,,,,,,2013,,FALSE,,,,,"136,8",,47430,,N/A,,,,,,N/A,,,N/A,,,,FALSE,,,,,sequence sent to phage owner,,,,,,
P75,Ropq_HS2,,75,1,Rhodococcus opacus,,CPT,,,33,Jason Gill,,,,,,,,2011/11,,FALSE,,,,,,,82780,,N/A,,,,,,N/A,,,N/A,,,,FALSE,,,,,sequence sent to phage owner,,,,,,
P97,Ropq_HS2-2,,97,1,Rhodococcus opacus,,,,,,,,,,,,,,2011/11,,,,,MID4,contig00002,"78,65184827",fe88dbb514d88148c08bc58ca5af3704,82780,,,,,,,,,,,,,,,,51,Bella Chun,2013,,,,,,,,
P146,E2,,146,1,Salmonella,,CPT,,,3,Chi Zeng,,,,,Enrichment,,150,2015/05,Illumina,,,,2,NODE1_156937_cov_42.6,42.6,b405cedc2e7a1515db283ccded309226,156937,,,,,myo,,,,,,,,,,TRUE,16,Jacob Chamblee,2016,,,,,,,,
P160,Mushroom,,160,1,Salmonella,,CPT,,,,,,,,,,,,2013,,FALSE,,,,,"27,3",,87709,,,,,,,,,,,,,,,FALSE,66,Yi Xie,2014,,,,10.1128/genomeA.00154-15,Paper,,KP143762,
P171,pk2,Sealong,171,1,Salmonella,,CPT,,,,,,,,,,,,2013,,TRUE,,,,,"51,7",,109350,,FALSE,,,,,,,,,,,,,,66,Yi Xie,2014,,,,,,,,
P176,Shivani,Pasa Shivani,176,1,Salmonella,,CPT,,,,,,,,,,,,2013,,FALSE,,,,,75,,108975,,,,,,,,,,,,,,,FALSE,114,Denish Piya,2014,"T5-like, isolated from Intestiphage", ,,10.1128/genomeA.01443-14,Paper,,KP143763,
P204,pk3,,204,1,Salmonella,,CPT,,,,,,,,,,,,2014,,,,,Pool 1,NODE_5_length_84987_cov_6.2406_ID_9,6,e9af3f516e424a65ac25cfbb6cdc53c3,84987,,,,,,,,,,,,,,,FALSE,,,2015,,,,,,,,
P206,Season3,Sasha,206,1,Salmonella,,CPT,,,,,,,,,,,,2014,,FALSE,,,1_11,,,,53284,,,,,,,,,,,,,,,FALSE,,,2015,,,in press,,,,,
P207,Season1,Season 1; Motorcycle,207,1,Salmonella,,CPT,,,,,,,,,,,,2014,,,,,Pool 1,NODE_20_length_34194_cov_119.139_ID_39,119,51c0454254a1560fb9e82754b2116cb8,34194,,,,,,,,TRUE,,,,,,,FALSE,,,2015,,,,,,,,
P208,Season18,,208,1,Salmonella,,CPT,,,,,,,,,,,,2014,,,,,4_11,NODE_11_length_41755_cov_10.1858_ID_21,10,34a658a0ceecf654cabb70f9a3fce8c9,41755,,,,,,,,,,,,,,,FALSE,,,2015,,,,,,,,
P209,Season22,Mycroft,209,1,Salmonella,,CPT,,,,,,,,,,,,2014,,TRUE,,,Pool 5,NODE_11_length_34158_cov_108.145_ID_21,108,10d0eed74ae6b92add5396239b39d54f,34158,,FALSE,,,,,,,,,,,,,,,,2015,,,,,,,,
P210,Season28,,210,1,Salmonella,,CPT,,,,,,,,,,,,2014,,,,,Pool 5,NODE_1_length_350016_cov_47.4781_ID_1,47,83e6298a342db51d41f51783f4d1ab15,350016,,,,,,,,,,,,,,,FALSE,,,2015,,,,,,,,
P211,Season5,,211,1,Salmonella,,CPT,,,,,,,,,,,,2014,,,,,MID2,NODE_8_length_52543_cov_47.4082_ID_15,47,e5667538f27342bcdd11b9af8571e4ef,52543,,,,,,,,,,,,,,,FALSE,,,2015,,,,,,,,
P224,Season24,,224,1,Salmonella,,CPT,,,8,Yicheng Xie,,,,,Enrichment,,70,2015,,,,,Sample 1,1_24_Season24_56290_cov_247,247,37b81c677c5e5541a4cb4e8e99a4d4de,56290,,TRUE,,,sipho,,,,,,,,,,FALSE,,,,,,,,,,,
P225,Season9,Sergei,225,1,Salmonella,,CPT,,,8,Yicheng Xie,,,,,Enrichment,,50,2015,,,,,Sample 3,3_29_Season9_56106_cov_103,103,410c93685b9ea581636519e1b7706650,56106,,TRUE,,,,,,,,,,,,,FALSE,,,,,,,,,,,
P232,Season15,15,232,1,Salmonella,,Gill,,,8,Yicheng Xie,,,,,,,,2015/01,Illumina,,,,Sample 4,NODE_1_length_350217_cov_12.4159_ID_1,"12,41",,350217,,,,,myo,,,,,,,,,,TRUE,17,Stephen Crosby,2016,,,,,,,,
P234,Season6,,234,1,Salmonella,,CPT,,,8,Yicheng Xie,,,,,Enrichment,,50,2015/05,,,,,Sample 6,6_30_Season6_60145_cov_136.8,136,45868d33585a7ffd65c3882c2cbaf3a8,60145,PCR + SEQUENCE,,,,,,,,,,,,,,TRUE,,,,,,,,,,,
P267,Season8,,267,1,Salmonella anatum,,Gill,,,8,Yicheng Xie,,,,,,,100,2016/01,"MiSeq V2 300 cycle reagent kit (2 x 150 bp reads), with sample loaded at 10 pM. Libraries were prepared with 550 bp inserts using a TruSeq Nano kit with Set A indexed adapters.",,,,10,,,,,,,,,,,,,,,,,,,,,,,,,,,,,,
P262,Season21,,262,1,Salmonella anatum 2,,Gill,,,8,Yicheng Xie,,,,,,,100,2016/01,"MiSeq V2 300 cycle reagent kit (2 x 150 bp reads), with sample loaded at 10 pM. Libraries were prepared with 550 bp inserts using a TruSeq Nano kit with Set A indexed adapters.",,,,5,,,,,,,,,myo,,,,,,,,,,,,,,,,,,,,,
P161,E3,,161,1,Salmonella enterica Enteriditis,,CPT,,,3,Chi Zeng,,,,,Enrichment,,,2015/05,Illumina,,,,10,NODE10_9_E3_111906_cov_37.fa,37,5f2c96d189819b3127cd022c38ff74df,111906,,,,,sipho,,,TRUE,,,,,,,TRUE,46,Sarah Hartman,2016,,,,,,,,
P41,Marshall,SE R1,41,1,Salmonella enterica Enteriditis,,CPT,,,72,T Wood,,,,,,,,2011/01,,FALSE,,,4-03; Oct 2010 2-48 (JDB),,"41,35398943",,156338,,,,,,,,,,,,,,,FALSE,47,Adrian Luna,,"isolate from the waste water treatment against Salmonella strain from Dr. Caldwell; 2012 seq, 2013 class",,,10.1128/genomeA.00867-13,Paper,,KF669653,NC_022772.1
P248,H2,,248,1,Salmonella enterica Heidelburg,,,,,3,Chi Zeng,,,,,,,100,2016/01,"MiSeq V2 300 cycle reagent kit (2 x 150 bp reads), with sample loaded at 10 pM. Libraries were prepared with 550 bp inserts using a TruSeq Nano kit with Set A indexed adapters.",,,,11,,,,,,,,,,,,,,,,,,,,,,,,,,,,,,
P163,H3,,163,1,Salmonella enterica Heidelburg,,CPT,,,3,Chi Zeng,,,,,Enrichment,,,2015/05,Illumina,,,,8,NODE8_114135_cov_22.5,22.5,60c48b3dc588da32cf38f555a3c48ff3,114135,,,,,sipho,,,,,,,,,,TRUE,18,Armando Maruffo,2016,,,,,,,,
P264,Season27,,264,1,Salmonella enterica Kentucky,,Gill,,,8,Yicheng Xie,,,,,,,100,2016/01,"MiSeq V2 300 cycle reagent kit (2 x 150 bp reads), with sample loaded at 10 pM. Libraries were prepared with 550 bp inserts using a TruSeq Nano kit with Set A indexed adapters.",,,,7,,,,,,,,,sipho,,,,,,,,,,,,,,,,,,,,,
P266,Season5,,266,1,Salmonella enterica Montevideo,,Gill,,,8,Yicheng Xie,,,,,,,150,2016/01,"MiSeq V2 300 cycle reagent kit (2 x 150 bp reads), with sample loaded at 10 pM. Libraries were prepared with 550 bp inserts using a TruSeq Nano kit with Set A indexed adapters.",,,,9,,,,,,,,,myo,,,,,,,,,,,,,,,,,,,,,
P269,Season18,,269,1,Salmonella enterica Montevideo_1,,Gill,,,8,Yicheng Xie,,,,,,,100,2016/01,"MiSeq V2 300 cycle reagent kit (2 x 150 bp reads), with sample loaded at 10 pM. Libraries were prepared with 550 bp inserts using a TruSeq Nano kit with Set A indexed adapters.",,,,4,,,,,,,,,myo,,,,,,,,,,,,,,,,,,,,,
P263,Season25,,263,1,Salmonella enterica Muenchen,,Gill,,,8,Yicheng Xie,,,,,,,150,2016/01,"MiSeq V2 300 cycle reagent kit (2 x 150 bp reads), with sample loaded at 10 pM. Libraries were prepared with 550 bp inserts using a TruSeq Nano kit with Set A indexed adapters.",,,,6,,,,,,,,,myo,,,,,,,,,,,,,,,,,,,,,
P265,Season28,,265,1,Salmonella enterica Newport,,Gill,,,8,Yicheng Xie,,,,,,,150,2016/01,"MiSeq V2 300 cycle reagent kit (2 x 150 bp reads), with sample loaded at 10 pM. Libraries were prepared with 550 bp inserts using a TruSeq Nano kit with Set A indexed adapters.",,,,8,,,,,,,,,myo,,,,,,,,,,,,,,,,,,,,,
P261,Season12,,261,1,Salmonella enterica Newport_1,,Gill,,,8,Yicheng Xie,,,,,,,100,2016/01,"MiSeq V2 300 cycle reagent kit (2 x 150 bp reads), with sample loaded at 10 pM. Libraries were prepared with 550 bp inserts using a TruSeq Nano kit with Set A indexed adapters.",,,,2,,,,,,,,,sipho,,,,,,,,,,,,,,,,,,,,,
P260,Season1,,260,1,Salmonella enterica Newport_2,,Gill,,,8,Yicheng Xie,,,,,,,150,2016/01,"MiSeq V2 300 cycle reagent kit (2 x 150 bp reads), with sample loaded at 10 pM. Libraries were prepared with 550 bp inserts using a TruSeq Nano kit with Set A indexed adapters.",,,,1,,,,,,,,,myo,,,,,,,,,,,,,,,,,,,,,
P42,Maynard,ST LT,42,1,Salmonella typhimurium,,CPT,,,72,T Wood,,,,,,,,2011/01,,FALSE,,,2-03,,"167,3111357",,154701,,,,,,,,,,,,,,,FALSE,,,,"isolate from the waste water treatment against Salmonella strain from Dr. Caldwell; 2012 seq, 2013 class",,,10.1128/genomeA.00866-13,Paper,,KF669654,NC_022768.1
P46,Stitch,ST LC,46,1,Salmonella typhimurium,,CPT,,,72,T Wood,,,,,,,,2011/01,,FALSE,,,1-03,,"22,54365094",,79437,,,,,,,,,,,,,,,FALSE,,,,"isolate from the waste water treatment against Salmonella strain from Dr. Caldwell; 2012 seq, 2013 class",,,10.1128/genomeA.01435-14,Paper,,KM236244              ,
P236,T2_Chi,T2,236,1,Salmonella typhimurium,,CPT,,,3,Chi Zeng,,,,,Enrichment,,,2015/05,Illumina,,,,8,NODE_9_length_112308_cov_57.7208_ID_17,57.7208,1248db5d77a5d22d1ede3ce4c26361c0,112308,,,,,sipho,,,,,,,,,,TRUE,23,Ketki Patil,2016,,,,,,,,
P256,Sra,,256,1,Serratia marcescens,,,,,25,Jesse Cahill,,,,,,,100,2016/01,"MiSeq V2 300 cycle reagent kit (2 x 150 bp reads), with sample loaded at 10 pM. Libraries were prepared with 550 bp inserts using a TruSeq Nano kit with Set A indexed adapters.",,,,9,,,,,,,,,myo,,,,,,,,,,,,,,,,,,,,,
P229,PS20A,,229,1,Staphylococcus,,CPT,,,,,,,,,,,,2015,,,,,,,,,18113,,,,,,,,,,,,,,,FALSE,,,,,,,,,,,
P2,Stau6a,,2,1,Staphylococcus aureus,,CPT,,,33,Jason Gill,,,,,,,,2010,,FALSE,,,,,,,123512,,,,,,,,,,,,,,,FALSE,,,,,,manuscript in preparation,,,,,
P223,P4,,223,1,Staphylococcus aureus,,CPT,,,86,Abby Korn,,,,,,,,2015/05,Illumina,,,,Sample 7,NODE_55_length_17816_cov_78.5841_ID_109,78.5841,452e56454b8c311355484debb118c12f,17816,,,,,podo,,,,,,,,,,TRUE,26,Rachele Bonasera,2016,,,,,,,,
P228,phiGa2,,228,1,Staphylococcus aureus,,A. Hatoum-Aslan,,,,,,,,,,,,2015,,FALSE,,,,,,,138665,,N/A,,,,,,N/A,,,N/A,,,,FALSE,,,,,sequence sent to phage owner,,,,,,
P237,v2,,237,1,Staphylococcus aureus,,A. Hatoum-Aslan,,,,,,,,,,,,2015/05,,FALSE,,,,Sample 3,,13220f8ec030a274a167f6298b27662b,18546,,N/A,,,,,,N/A,,,N/A,,,,FALSE,,,,,sequence sent to phage owner,,,,,,
P271,Stau6,,271,1,Staphylococcus aureus,,CPT,,,33,Jason Gill,,,,,,,,,,,,,,,,,,,FALSE,,,,,,,,,,,,,,,,,,,,,,,,
P68,26_Sau,26 Sau,68,1,Staphylococcus aureus,,CPT,,,33,Jason Gill,,,,,,,,2011/11,,,,,MID8,contig00002,,66bec118e5f0bde4ac79759d94baeda9,31703,,,,,,,,,,,,,,,POSSIBLE INCOMPLETE,,,,,,,,,,,
P76,Stau1,Veronica,76,1,Staphylococcus aureus,,,,,33,Jason Gill,,,,,,,,2011/11,,FALSE,,,,contig00009,,3ae91a81e2ef73b7e6d54868aca4ee82,17361,,N/A,,,,,,N/A,,,N/A,,,,FALSE,115,Veronica,,,sequence sent to phage owner,,,,,,
P238,RP1,,238,1,Staphylococcus aureus,,,,,28,Ashley K,,,,,,,150,2016/01,"MiSeq V2 300 cycle reagent kit (2 x 150 bp reads), with sample loaded at 10 pM. Libraries were prepared with 550 bp inserts using a TruSeq Nano kit with Set A indexed adapters.",,,,3,,,,,,,,,myo,,,,,,,,,,,,,,,,,,,,,
P239,RP17,,239,1,Staphylococcus aureus,,,,,28,Ashley K,,,,,,,150,2016/01,"MiSeq V2 300 cycle reagent kit (2 x 150 bp reads), with sample loaded at 10 pM. Libraries were prepared with 550 bp inserts using a TruSeq Nano kit with Set A indexed adapters.",,,,4,,,,,,,,,myo,,,,,,,,,,,,,,,,,,,,,
P240,TP1,,240,1,Staphylococcus aureus,,,,,28,Ashley K,,,,,,,150,2016/01,"MiSeq V2 300 cycle reagent kit (2 x 150 bp reads), with sample loaded at 10 pM. Libraries were prepared with 550 bp inserts using a TruSeq Nano kit with Set A indexed adapters.",,,,1,,,,,,,,,myo,,,,,,,,,,,,,,,,,,,,,
P241,TP2,,241,1,Staphylococcus aureus,,,,,28,Ashley K,,,,,,,150,2016/01,"MiSeq V2 300 cycle reagent kit (2 x 150 bp reads), with sample loaded at 10 pM. Libraries were prepared with 550 bp inserts using a TruSeq Nano kit with Set A indexed adapters.",,,,2,,,,,,,,,myo,,,,,,,,,,,,,,,,,,,,,
P190,519_S6,,190,1,Xanthamonas,,Gonzalez,,,,,,,,,,,,2014,,,,,,,,0ee7fc29a2a38261d5552f0fa1e39521,195311,,,,,,,,,,,,,,,FALSE,30,Carlos F Gonzalez,2015,,,,,,,,
P33,f 16,,33,1,Xylella fastidiosa,Xanthomonas axonopodis,Gonzalez,,,35,Stephen Ahern,,,,,,,,2011/01,,TRUE,,,,,,,,,FALSE,,,,,,,,,,,,,,,,,,,,,,,,
P34,f 20,,34,1,Xylella fastidiosa,Xanthomonas axonopodis,Gonzalez,,,35,Stephen Ahern,,,,,,,,2011/01,,TRUE,,,,,,,,,FALSE,,,,,,,,,,,,,,,,,,,,,,,,
P35,f 21,,35,1,Xylella fastidiosa,Xanthomonas axonopodis,Gonzalez,,,35,Stephen Ahern,,,,,,,,2011/01,,TRUE,,,,,,,,,FALSE,,,,,,,,,,,,,,,,,,,,,,,,
P36,f 22,,36,1,Xylella fastidiosa,Xanthomonas axonopodis,Gonzalez,,,35,Stephen Ahern,,,,,,,,2011/01,,TRUE,,,,,,,,,FALSE,,,,,,,,,,,,,,,,,,,,,,,,
P37,f A4,,37,1,Xylella fastidiosa,Xanthomonas axonopodis,Gonzalez,,,35,Stephen Ahern,,,,,,,,2011/01,,TRUE,,,,,,,,,FALSE,,,,,,,,,,,,,,,,,,,,,,,,
P38,f Bweed,,38,1,Xylella fastidiosa,Xanthomonas axonopodis,Gonzalez,,,35,Stephen Ahern,,,,,,,,2011/01,,TRUE,,,,,,,,,FALSE,,,,,,,,,,,,,,,,,,,,,,,,
P39,XF-19,,39,1,Xylella fastidiosa,Xanthomonas axonopodis,Gonzalez,,,35,Stephen Ahern,,,,,,,,2011/01,,TRUE,,,,,,,,,FALSE,,,,,,,,,,,,,,,,,,,,,,,,
P40,XF-B2010,,40,1,Xylella fastidiosa,Xanthomonas axonopodis,Gonzalez,,,35,Stephen Ahern,,,,,,,,2011/01,,TRUE,,,,,,,,,FALSE,,,,,,,,,,,,,,,,,,,,,,,,
P51,16S,,51,1,Xylella fastidiosa,Xanthomonas axonopodis,C. Gonzalez,,,30,Carlos F Gonzalez,,,,,,,,2011/11,,FALSE,,,MID4,"contig00006
contig00007
contig00008",,030dc494d45451827a5036a3bedb0246,43324,,N/A,,,,,,N/A,,,N/A,,,,FALSE,,,,,sequence sent to phage owner,,,,,,
P52,5S,,52,1,Xylella fastidiosa,Xanthomonas axonopodis,C. Gonzalez,,,30,Carlos F Gonzalez,,,,,,,,2011/11,,FALSE,,,,,,,56132,,N/A,,,,,,N/A,,,N/A,,,,FALSE,,,,,sequence sent to phage owner,,,,,,
P53,6S,,53,1,Xylella fastidiosa,Xanthomonas axonopodis,C. Gonzalez,,,30,Carlos F Gonzalez,,,,,,,,2011/11,,FALSE,,,,,,,56132,,N/A,,,,,,N/A,,,N/A,,,,FALSE,,,,,sequence sent to phage owner,,,,,,
P54,C40S,,54,1,Xylella fastidiosa,Xanthomonas axonopodis,C. Gonzalez,,,30,Carlos F Gonzalez,,,,,,,,2011/11,,FALSE,,,,,,,56143,,N/A,,,,,,N/A,,,N/A,,,,FALSE,,,,,sequence sent to phage owner,,,,,,
P55,S31P,AExLauren,55,1,Xylella fastidiosa,Xanthomonas axonopodis,CPT,,,30,Carlos F Gonzalez,,,,,,,,2011/11,,FALSE,,,MID4,contig00005,,96b4ee253d2b7d9607f531cfac32bf51,43745,,N/A,,,,,,N/A,,,N/A,,,,FALSE,,,,,sequence sent to phage owner,,,,,,
P56,S32S,,56,1,Xylella fastidiosa,Xanthomonas axonopodis,C. Gonzalez,,,30,Carlos F Gonzalez,,,,,,,,2011/11,,FALSE,,,,,,,55589,,N/A,,,,,,N/A,,,N/A,,,,FALSE,,,,,sequence sent to phage owner,,,,,,
P57,S33S,,57,1,Xylella fastidiosa,Xanthomonas axonopodis,C. Gonzalez,,,30,Carlos F Gonzalez,,,,,,,,2011/11,,FALSE,,,,,,,55589,,N/A,,,,,,N/A,,,N/A,,,,FALSE,,,,,sequence sent to phage owner,,,,,,
P115,EW11S,,115,1,Xylella fastidiosa,,Gonzalez,,,,,,,,,,,,2012,,FALSE,,,"2,4",,"378,99",,58041,,N/A,,,,,,N/A,,,N/A,,,,FALSE,,,,,sequence sent to phage owner,,,,,,
P116,EW4P,,116,1,Xylella fastidiosa,,Gonzalez,,,,,,,,,,,,2012,,FALSE,,,"6,6",,"25,78",,45910,,N/A,,,,,,N/A,,,N/A,,,,FALSE,,,,,sequence sent to phage owner,,,,,,
P117,EW4S,,117,1,Xylella fastidiosa,,Gonzalez,,,,,,,,,,,,2012,,FALSE,,,"1,2",,"26,65",,58042,,N/A,,,,,,N/A,,,N/A,,,,FALSE,,,,,sequence sent to phage owner,,,,,,
P122,LCP3P,,122,1,Xylella fastidiosa,,Gonzalez,,,,,,,,,,,,2012,,FALSE,,,"9,7",,"20,94",,45909,,N/A,,,,,,N/A,,,N/A,,,,FALSE,,,,,sequence sent to phage owner,,,,,,
P123,LCW3S,,123,1,Xylella fastidiosa,,Gonzalez,,,,,,,,,,,,2012,,FALSE,,,"10,3",,"8,83",,56286,,N/A,,,,,,N/A,,,N/A,,,,FALSE,,,,,sequence sent to phage owner,,,,,,
P124,MCW2S,,124,1,Xylella fastidiosa,,Gonzalez,,,,,,,,,,,,2012,,FALSE,,,"9,3",,"64,19",,58040,,N/A,,,,,,N/A,,,N/A,,,,FALSE,,,,,sequence sent to phage owner,,,,,,
P126,OZP1P,,126,1,Xylella fastidiosa,,Gonzalez,,,,,,,,,,,,2012,,FALSE,,,"10,5",,"10,6",,45858,,N/A,,,,,,N/A,,,N/A,,,,FALSE,,,,,sequence sent to phage owner,,,,,,
P142,YZB1S,,142,1,Xylella fastidiosa,,Gonzalez,,,,,,,,,,,,2012,,FALSE,,,"7,3",,"14,41",,58016,,N/A,,,,,,N/A,,,N/A,,,,FALSE,,,,,sequence sent to phage owner,,,,,,
P150,C1E,,150,1,Xylella fastidiosa,,Gonzalez,,,,,,,,,,,,2013,,FALSE,,,MID2,NODE_5_length_44265_cov_69.763901,"69,76",b5f29a57eb41f735a8eac11fc296e592,44265,,N/A,,,,,,N/A,,,N/A,,,,FALSE,,Guichun?,2014,,sequence sent to phage owner,,,,,,
P153,L1E,,153,1,Xylella fastidiosa,,Gonzalez,,,,,,,,,,,,2013,,FALSE,,,MDI5,NODE_13_length_36016_cov_31.523073,"31,5",b27a106f1eeab754dbacbfcbd81b1133,36016,,N/A,,,,,,N/A,,,N/A,,,,FALSE,,Guichun?,2014,,sequence sent to phage owner,,,,,,
P275,2AP1P,,275,1,Xylella fastidiosa,,,,,,,,,,,,,,,,,,,MID8,contig8-6,"22,49",87959c8cba0d4534f5d75378404038b8,44391,,,,,,,,,,,,,,,,,,,,,,,,,,
P99,25LCP2S,,99,1,Xylella fastidiosa,,Gonzalez,,,,,,,,,,,,2012,,FALSE,,,"8,3",,"515,21",,58041,,N/A,,,,,,N/A,,,N/A,,,,FALSE,,,,,sequence sent to phage owner,,,,,,
P278,CR30,,278,1,,,CPT/JBerry,,,,,,,,,,,,,,,,,,,,,,,,,,myo,,,,,,,,,,,,,,,,,,,,,
P283,,,283,1,,,,,,,,,,,,,,,,,,,,,,,,,,,,,,,,,,,,,,,,,,,,,,,,,,
P284,,,284,1,,,,,,,,,,,,,,,,,,,,,,,,,,,,,,,,,,,,,,,,,,,,,,,,,,
P285,,,285,1,,,,,,,,,,,,,,,,,,,,,,,,,,,,,,,,,,,,,,,,,,,,,,,,,,
P286,,,286,1,,,,,,,,,,,,,,,,,,,,,,,,,,,,,,,,,,,,,,,,,,,,,,,,,,
P287,,,287,1,,,,,,,,,,,,,,,,,,,,,,,,,,,,,,,,,,,,,,,,,,,,,,,,,,
P288,,,288,1,,,,,,,,,,,,,,,,,,,,,,,,,,,,,,,,,,,,,,,,,,,,,,,,,,
P289,,,289,1,,,,,,,,,,,,,,,,,,,,,,,,,,,,,,,,,,,,,,,,,,,,,,,,,,
P290,,,290,2,,,,,,,,,,,,,,,,,,,,,,,,,,,,,,,,,,,,,,,,,,,,,,,,,,
P291,,,291,3,,,,,,,,,,,,,,,,,,,,,,,,,,,,,,,,,,,,,,,,,,,,,,,,,,
P292,,,292,4,,,,,,,,,,,,,,,,,,,,,,,,,,,,,,,,,,,,,,,,,,,,,,,,,,
P293,,,293,5,,,,,,,,,,,,,,,,,,,,,,,,,,,,,,,,,,,,,,,,,,,,,,,,,,
P294,,,294,6,,,,,,,,,,,,,,,,,,,,,,,,,,,,,,,,,,,,,,,,,,,,,,,,,,
P295,,,295,7,,,,,,,,,,,,,,,,,,,,,,,,,,,,,,,,,,,,,,,,,,,,,,,,,,
P296,,,296,8,,,,,,,,,,,,,,,,,,,,,,,,,,,,,,,,,,,,,,,,,,,,,,,,,,
P297,,,297,9,,,,,,,,,,,,,,,,,,,,,,,,,,,,,,,,,,,,,,,,,,,,,,,,,,
P298,,,298,10,,,,,,,,,,,,,,,,,,,,,,,,,,,,,,,,,,,,,,,,,,,,,,,,,,
P299,,,299,11,,,,,,,,,,,,,,,,,,,,,,,,,,,,,,,,,,,,,,,,,,,,,,,,,,
P300,,,300,12,,,,,,,,,,,,,,,,,,,,,,,,,,,,,,,,,,,,,,,,,,,,,,,,,,
P67,26_Inf,,67,1,,,,,,33,Jason Gill,,,,,,,,2011/11,,,,,MID7,contig00003,,f8887f8cb2bb45cc0f2ca9a4339c0a3a,105254,,,,,,,,,,,,,,,,,,,,,,,,,,
P74,PAI,PseudoPAI_veronica,74,1,,,,,,33,Jason Gill,,,,,,,,2011/11,,,,,MID6,contig00005,,f6b3f9af04830f36c8d80d71f6d35e41,43589,,,,,,,,,,,,,,,,115,Veronica,,,,,,,,,